subset,dataset,cases,lesion_positive_cases,lesions_total,lesions_0_5mm,cases_with_0_5mm,lesions_5_10mm,cases_with_5_10mm,lesions_10_15mm,cases_with_10_15mm,lesions_gt_15mm,cases_with_gt_15mm,diagnosis_control,diagnosis_HH,diagnosis_HCC,diagnosis_ICC,diagnosis_cHCC-CCA,diagnosis_metastasis,forced_train_flagged
train,MCT-LTDiag,357,357,1515,364,157,344,99,225,102,582,344,0,67,72,67,0,151,0
train,PLC-CECT,258,199,252,1,1,7,3,19,8,225,195,59,0,67,72,60,0,17
train,WAW-TACE,112,112,185,3,2,6,6,13,12,163,112,0,0,112,0,0,0,2
val,MCT-LTDiag,54,54,253,53,23,57,15,37,15,106,50,0,10,9,13,0,22,0
val,PLC-CECT,34,26,28,0,0,0,0,1,1,27,26,8,0,11,7,8,0,0
val,WAW-TACE,17,17,24,0,0,1,1,2,2,21,16,0,0,17,0,0,0,0
test,MCT-LTDiag,106,106,391,91,46,57,29,61,30,182,101,0,19,22,20,0,45,0
test,PLC-CECT,69,53,63,0,0,2,1,3,3,58,53,16,0,16,20,17,0,0
test,WAW-TACE,35,35,53,0,0,2,1,4,4,47,32,0,0,35,0,0,0,0
